<?xml version="1.0" encoding="UTF-8"?>
<project-private xmlns="http://www.netbeans.org/ns/project-private/1">
    <editor-bookmarks xmlns="http://www.netbeans.org/ns/editor-bookmarks/2" lastBookmarkId="0"/>
    <open-files xmlns="http://www.netbeans.org/ns/projectui-open-files/2">
        <group>
            <file>file:/C:/Users/salva/Documents/NetBeansProjects/Pharma/src/Farmacista/Catalogo.java</file>
            <file>file:/C:/Users/salva/Documents/NetBeansProjects/Pharma/src/Farmacista/ModificaOrdine.java</file>
            <file>file:/C:/Users/salva/Documents/NetBeansProjects/Pharma/src/Farmacista/OrdinaFarmaco.java</file>
            <file>file:/C:/Users/salva/Documents/NetBeansProjects/Pharma/src/Farmacista/Contratti.java</file>
            <file>file:/C:/Users/salva/Documents/NetBeansProjects/Pharma/src/Farmacista/GestioneOrdini.java</file>
            <file>file:/C:/Users/salva/Documents/NetBeansProjects/Pharma/src/Farmacista/NumeroOrdine.java</file>
            <file>file:/C:/Users/salva/Documents/NetBeansProjects/Pharma/src/Farmacista/Ordini.java</file>
        </group>
    </open-files>
</project-private>
